{
  "ABIRoot": {
    "kind": "Root",
    "name": "TopLevel",
    "printedName": "TopLevel",
    "children": [
      {
        "kind": "Import",
        "name": "Foundation",
        "printedName": "Foundation",
        "declKind": "Import",
        "moduleName": "NetLogSDK",
        "declAttributes": [
          "RawDocComment"
        ]
      },
      {
        "kind": "Import",
        "name": "Foundation",
        "printedName": "Foundation",
        "declKind": "Import",
        "moduleName": "NetLogSDK",
        "declAttributes": [
          "RawDocComment"
        ]
      },
      {
        "kind": "Import",
        "name": "UIKit",
        "printedName": "UIKit",
        "declKind": "Import",
        "moduleName": "NetLogSDK",
        "declAttributes": [
          "RawDocComment"
        ]
      },
      {
        "kind": "TypeDecl",
        "name": "NetLog",
        "printedName": "NetLog",
        "children": [
          {
            "kind": "Var",
            "name": "shared",
            "printedName": "shared",
            "children": [
              {
                "kind": "TypeNominal",
                "name": "NetLog",
                "printedName": "NetLogSDK.NetLog",
                "usr": "c:@M@NetLogSDK@objc(cs)NetLog"
              }
            ],
            "declKind": "Var",
            "usr": "s:9NetLogSDK0aB0C6sharedACvpZ",
            "mangledName": "$s9NetLogSDK0aB0C6sharedACvpZ",
            "moduleName": "NetLogSDK",
            "static": true,
            "declAttributes": [
              "HasInitialValue",
              "Final",
              "HasStorage",
              "AccessControl"
            ],
            "isLet": true,
            "hasStorage": true,
            "accessors": [
              {
                "kind": "Accessor",
                "name": "Get",
                "printedName": "Get()",
                "children": [
                  {
                    "kind": "TypeNominal",
                    "name": "NetLog",
                    "printedName": "NetLogSDK.NetLog",
                    "usr": "c:@M@NetLogSDK@objc(cs)NetLog"
                  }
                ],
                "declKind": "Accessor",
                "usr": "s:9NetLogSDK0aB0C6sharedACvgZ",
                "mangledName": "$s9NetLogSDK0aB0C6sharedACvgZ",
                "moduleName": "NetLogSDK",
                "static": true,
                "implicit": true,
                "declAttributes": [
                  "Final"
                ],
                "accessorKind": "get"
              }
            ]
          },
          {
            "kind": "Function",
            "name": "configurate",
            "printedName": "configurate(serverURL:userID:ignoringDomains:)",
            "children": [
              {
                "kind": "TypeNominal",
                "name": "Void",
                "printedName": "()"
              },
              {
                "kind": "TypeNominal",
                "name": "URL",
                "printedName": "Foundation.URL",
                "usr": "s:10Foundation3URLV"
              },
              {
                "kind": "TypeNominal",
                "name": "String",
                "printedName": "Swift.String",
                "usr": "s:SS"
              },
              {
                "kind": "TypeNominal",
                "name": "Array",
                "printedName": "[Foundation.URL]",
                "children": [
                  {
                    "kind": "TypeNominal",
                    "name": "URL",
                    "printedName": "Foundation.URL",
                    "usr": "s:10Foundation3URLV"
                  }
                ],
                "hasDefaultArg": true,
                "usr": "s:Sa"
              }
            ],
            "declKind": "Func",
            "usr": "s:9NetLogSDK0aB0C11configurate9serverURL6userID15ignoringDomainsy10Foundation0F0V_SSSayAJGtF",
            "mangledName": "$s9NetLogSDK0aB0C11configurate9serverURL6userID15ignoringDomainsy10Foundation0F0V_SSSayAJGtF",
            "moduleName": "NetLogSDK",
            "declAttributes": [
              "AccessControl"
            ],
            "funcSelfKind": "NonMutating"
          },
          {
            "kind": "Function",
            "name": "storeEvent",
            "printedName": "storeEvent(label:eventType:message:metadata:)",
            "children": [
              {
                "kind": "TypeNominal",
                "name": "Void",
                "printedName": "()"
              },
              {
                "kind": "TypeNominal",
                "name": "String",
                "printedName": "Swift.String",
                "usr": "s:SS"
              },
              {
                "kind": "TypeNominal",
                "name": "EventType",
                "printedName": "NetLogSDK.NetLogStore.EventType",
                "usr": "s:9NetLogSDK0aB5StoreC9EventTypeO"
              },
              {
                "kind": "TypeNominal",
                "name": "String",
                "printedName": "Swift.String",
                "usr": "s:SS"
              },
              {
                "kind": "TypeNominal",
                "name": "Optional",
                "printedName": "[Swift.String : NetLogSDK.NetLogStore.MetadataValue]?",
                "children": [
                  {
                    "kind": "TypeNominal",
                    "name": "Dictionary",
                    "printedName": "[Swift.String : NetLogSDK.NetLogStore.MetadataValue]",
                    "children": [
                      {
                        "kind": "TypeNominal",
                        "name": "String",
                        "printedName": "Swift.String",
                        "usr": "s:SS"
                      },
                      {
                        "kind": "TypeNominal",
                        "name": "MetadataValue",
                        "printedName": "NetLogSDK.NetLogStore.MetadataValue",
                        "usr": "s:9NetLogSDK0aB5StoreC13MetadataValueO"
                      }
                    ],
                    "usr": "s:SD"
                  }
                ],
                "hasDefaultArg": true,
                "usr": "s:Sq"
              }
            ],
            "declKind": "Func",
            "usr": "s:9NetLogSDK0aB0C10storeEvent5label9eventType7message8metadataySS_AA0aB5StoreC0eH0OSSSDySSAJ13MetadataValueOGSgtF",
            "mangledName": "$s9NetLogSDK0aB0C10storeEvent5label9eventType7message8metadataySS_AA0aB5StoreC0eH0OSSSDySSAJ13MetadataValueOGSgtF",
            "moduleName": "NetLogSDK",
            "declAttributes": [
              "AccessControl"
            ],
            "funcSelfKind": "NonMutating"
          }
        ],
        "declKind": "Class",
        "usr": "c:@M@NetLogSDK@objc(cs)NetLog",
        "mangledName": "$s9NetLogSDK0aB0C",
        "moduleName": "NetLogSDK",
        "declAttributes": [
          "AccessControl",
          "ObjC"
        ],
        "superclassUsr": "c:objc(cs)NSObject",
        "hasMissingDesignatedInitializers": true,
        "inheritsConvenienceInitializers": true,
        "superclassNames": [
          "ObjectiveC.NSObject"
        ],
        "conformances": [
          {
            "kind": "Conformance",
            "name": "Equatable",
            "printedName": "Equatable",
            "usr": "s:SQ",
            "mangledName": "$sSQ"
          },
          {
            "kind": "Conformance",
            "name": "Hashable",
            "printedName": "Hashable",
            "usr": "s:SH",
            "mangledName": "$sSH"
          },
          {
            "kind": "Conformance",
            "name": "CVarArg",
            "printedName": "CVarArg",
            "usr": "s:s7CVarArgP",
            "mangledName": "$ss7CVarArgP"
          },
          {
            "kind": "Conformance",
            "name": "_KeyValueCodingAndObservingPublishing",
            "printedName": "_KeyValueCodingAndObservingPublishing",
            "usr": "s:10Foundation37_KeyValueCodingAndObservingPublishingP",
            "mangledName": "$s10Foundation37_KeyValueCodingAndObservingPublishingP"
          },
          {
            "kind": "Conformance",
            "name": "_KeyValueCodingAndObserving",
            "printedName": "_KeyValueCodingAndObserving",
            "usr": "s:10Foundation27_KeyValueCodingAndObservingP",
            "mangledName": "$s10Foundation27_KeyValueCodingAndObservingP"
          },
          {
            "kind": "Conformance",
            "name": "CustomStringConvertible",
            "printedName": "CustomStringConvertible",
            "usr": "s:s23CustomStringConvertibleP",
            "mangledName": "$ss23CustomStringConvertibleP"
          },
          {
            "kind": "Conformance",
            "name": "CustomDebugStringConvertible",
            "printedName": "CustomDebugStringConvertible",
            "usr": "s:s28CustomDebugStringConvertibleP",
            "mangledName": "$ss28CustomDebugStringConvertibleP"
          }
        ]
      },
      {
        "kind": "Import",
        "name": "Foundation",
        "printedName": "Foundation",
        "declKind": "Import",
        "moduleName": "NetLogSDK",
        "declAttributes": [
          "RawDocComment"
        ]
      },
      {
        "kind": "Import",
        "name": "Foundation",
        "printedName": "Foundation",
        "declKind": "Import",
        "moduleName": "NetLogSDK",
        "declAttributes": [
          "RawDocComment"
        ]
      },
      {
        "kind": "Import",
        "name": "CoreData",
        "printedName": "CoreData",
        "declKind": "Import",
        "moduleName": "NetLogSDK",
        "declAttributes": [
          "RawDocComment"
        ]
      },
      {
        "kind": "Import",
        "name": "Foundation",
        "printedName": "Foundation",
        "declKind": "Import",
        "moduleName": "NetLogSDK",
        "declAttributes": [
          "RawDocComment"
        ]
      },
      {
        "kind": "Import",
        "name": "Foundation",
        "printedName": "Foundation",
        "declKind": "Import",
        "moduleName": "NetLogSDK",
        "declAttributes": [
          "RawDocComment"
        ]
      },
      {
        "kind": "Import",
        "name": "CoreData",
        "printedName": "CoreData",
        "declKind": "Import",
        "moduleName": "NetLogSDK"
      },
      {
        "kind": "Import",
        "name": "Combine",
        "printedName": "Combine",
        "declKind": "Import",
        "moduleName": "NetLogSDK"
      },
      {
        "kind": "Import",
        "name": "Foundation",
        "printedName": "Foundation",
        "declKind": "Import",
        "moduleName": "NetLogSDK",
        "declAttributes": [
          "RawDocComment"
        ]
      },
      {
        "kind": "Import",
        "name": "Combine",
        "printedName": "Combine",
        "declKind": "Import",
        "moduleName": "NetLogSDK"
      },
      {
        "kind": "Import",
        "name": "UIKit",
        "printedName": "UIKit",
        "declKind": "Import",
        "moduleName": "NetLogSDK",
        "declAttributes": [
          "RawDocComment"
        ]
      },
      {
        "kind": "Import",
        "name": "Foundation",
        "printedName": "Foundation",
        "declKind": "Import",
        "moduleName": "NetLogSDK",
        "declAttributes": [
          "RawDocComment"
        ]
      },
      {
        "kind": "Import",
        "name": "Foundation",
        "printedName": "Foundation",
        "declKind": "Import",
        "moduleName": "NetLogSDK",
        "declAttributes": [
          "RawDocComment"
        ]
      },
      {
        "kind": "Import",
        "name": "Network",
        "printedName": "Network",
        "declKind": "Import",
        "moduleName": "NetLogSDK"
      },
      {
        "kind": "Import",
        "name": "Foundation",
        "printedName": "Foundation",
        "declKind": "Import",
        "moduleName": "NetLogSDK",
        "declAttributes": [
          "RawDocComment"
        ]
      },
      {
        "kind": "Import",
        "name": "Foundation",
        "printedName": "Foundation",
        "declKind": "Import",
        "moduleName": "NetLogSDK",
        "declAttributes": [
          "RawDocComment"
        ]
      },
      {
        "kind": "Import",
        "name": "Network",
        "printedName": "Network",
        "declKind": "Import",
        "moduleName": "NetLogSDK"
      },
      {
        "kind": "Import",
        "name": "Foundation",
        "printedName": "Foundation",
        "declKind": "Import",
        "moduleName": "NetLogSDK",
        "declAttributes": [
          "RawDocComment"
        ]
      },
      {
        "kind": "Import",
        "name": "CoreData",
        "printedName": "CoreData",
        "declKind": "Import",
        "moduleName": "NetLogSDK"
      },
      {
        "kind": "Import",
        "name": "CommonCrypto",
        "printedName": "CommonCrypto",
        "declKind": "Import",
        "moduleName": "NetLogSDK"
      },
      {
        "kind": "Import",
        "name": "UIKit.UIImage",
        "printedName": "UIKit.UIImage",
        "declKind": "Import",
        "moduleName": "NetLogSDK"
      },
      {
        "kind": "Import",
        "name": "Foundation",
        "printedName": "Foundation",
        "declKind": "Import",
        "moduleName": "NetLogSDK",
        "declAttributes": [
          "RawDocComment"
        ]
      },
      {
        "kind": "Import",
        "name": "CoreData",
        "printedName": "CoreData",
        "declKind": "Import",
        "moduleName": "NetLogSDK",
        "declAttributes": [
          "RawDocComment"
        ]
      },
      {
        "kind": "Import",
        "name": "Foundation",
        "printedName": "Foundation",
        "declKind": "Import",
        "moduleName": "NetLogSDK",
        "declAttributes": [
          "RawDocComment"
        ]
      },
      {
        "kind": "Import",
        "name": "Foundation",
        "printedName": "Foundation",
        "declKind": "Import",
        "moduleName": "NetLogSDK",
        "declAttributes": [
          "RawDocComment"
        ]
      },
      {
        "kind": "Import",
        "name": "CoreData",
        "printedName": "CoreData",
        "declKind": "Import",
        "moduleName": "NetLogSDK"
      },
      {
        "kind": "Import",
        "name": "Combine",
        "printedName": "Combine",
        "declKind": "Import",
        "moduleName": "NetLogSDK"
      },
      {
        "kind": "TypeDecl",
        "name": "NetLogStore",
        "printedName": "NetLogStore",
        "children": [
          {
            "kind": "TypeDecl",
            "name": "MetadataValue",
            "printedName": "MetadataValue",
            "children": [
              {
                "kind": "Var",
                "name": "string",
                "printedName": "string",
                "children": [
                  {
                    "kind": "TypeFunc",
                    "name": "Function",
                    "printedName": "(NetLogSDK.NetLogStore.MetadataValue.Type) -> (Swift.String) -> NetLogSDK.NetLogStore.MetadataValue",
                    "children": [
                      {
                        "kind": "TypeFunc",
                        "name": "Function",
                        "printedName": "(Swift.String) -> NetLogSDK.NetLogStore.MetadataValue",
                        "children": [
                          {
                            "kind": "TypeNominal",
                            "name": "MetadataValue",
                            "printedName": "NetLogSDK.NetLogStore.MetadataValue",
                            "usr": "s:9NetLogSDK0aB5StoreC13MetadataValueO"
                          },
                          {
                            "kind": "TypeNominal",
                            "name": "String",
                            "printedName": "Swift.String",
                            "usr": "s:SS"
                          }
                        ]
                      },
                      {
                        "kind": "TypeNominal",
                        "name": "Metatype",
                        "printedName": "NetLogSDK.NetLogStore.MetadataValue.Type",
                        "children": [
                          {
                            "kind": "TypeNominal",
                            "name": "MetadataValue",
                            "printedName": "NetLogSDK.NetLogStore.MetadataValue",
                            "usr": "s:9NetLogSDK0aB5StoreC13MetadataValueO"
                          }
                        ]
                      }
                    ]
                  }
                ],
                "declKind": "EnumElement",
                "usr": "s:9NetLogSDK0aB5StoreC13MetadataValueO6stringyAESScAEmF",
                "mangledName": "$s9NetLogSDK0aB5StoreC13MetadataValueO6stringyAESScAEmF",
                "moduleName": "NetLogSDK",
                "fixedbinaryorder": 0
              },
              {
                "kind": "Var",
                "name": "stringConvertible",
                "printedName": "stringConvertible",
                "children": [
                  {
                    "kind": "TypeFunc",
                    "name": "Function",
                    "printedName": "(NetLogSDK.NetLogStore.MetadataValue.Type) -> (Swift.CustomStringConvertible) -> NetLogSDK.NetLogStore.MetadataValue",
                    "children": [
                      {
                        "kind": "TypeFunc",
                        "name": "Function",
                        "printedName": "(Swift.CustomStringConvertible) -> NetLogSDK.NetLogStore.MetadataValue",
                        "children": [
                          {
                            "kind": "TypeNominal",
                            "name": "MetadataValue",
                            "printedName": "NetLogSDK.NetLogStore.MetadataValue",
                            "usr": "s:9NetLogSDK0aB5StoreC13MetadataValueO"
                          },
                          {
                            "kind": "TypeNominal",
                            "name": "CustomStringConvertible",
                            "printedName": "Swift.CustomStringConvertible",
                            "usr": "s:s23CustomStringConvertibleP"
                          }
                        ]
                      },
                      {
                        "kind": "TypeNominal",
                        "name": "Metatype",
                        "printedName": "NetLogSDK.NetLogStore.MetadataValue.Type",
                        "children": [
                          {
                            "kind": "TypeNominal",
                            "name": "MetadataValue",
                            "printedName": "NetLogSDK.NetLogStore.MetadataValue",
                            "usr": "s:9NetLogSDK0aB5StoreC13MetadataValueO"
                          }
                        ]
                      }
                    ]
                  }
                ],
                "declKind": "EnumElement",
                "usr": "s:9NetLogSDK0aB5StoreC13MetadataValueO17stringConvertibleyAEs012CustomStringH0_pcAEmF",
                "mangledName": "$s9NetLogSDK0aB5StoreC13MetadataValueO17stringConvertibleyAEs012CustomStringH0_pcAEmF",
                "moduleName": "NetLogSDK",
                "fixedbinaryorder": 1
              }
            ],
            "declKind": "Enum",
            "usr": "s:9NetLogSDK0aB5StoreC13MetadataValueO",
            "mangledName": "$s9NetLogSDK0aB5StoreC13MetadataValueO",
            "moduleName": "NetLogSDK",
            "declAttributes": [
              "AccessControl",
              "Frozen"
            ],
            "isFromExtension": true,
            "isEnumExhaustive": true
          },
          {
            "kind": "TypeDecl",
            "name": "EventType",
            "printedName": "EventType",
            "children": [
              {
                "kind": "Var",
                "name": "socket",
                "printedName": "socket",
                "children": [
                  {
                    "kind": "TypeFunc",
                    "name": "Function",
                    "printedName": "(NetLogSDK.NetLogStore.EventType.Type) -> NetLogSDK.NetLogStore.EventType",
                    "children": [
                      {
                        "kind": "TypeNominal",
                        "name": "EventType",
                        "printedName": "NetLogSDK.NetLogStore.EventType",
                        "usr": "s:9NetLogSDK0aB5StoreC9EventTypeO"
                      },
                      {
                        "kind": "TypeNominal",
                        "name": "Metatype",
                        "printedName": "NetLogSDK.NetLogStore.EventType.Type",
                        "children": [
                          {
                            "kind": "TypeNominal",
                            "name": "EventType",
                            "printedName": "NetLogSDK.NetLogStore.EventType",
                            "usr": "s:9NetLogSDK0aB5StoreC9EventTypeO"
                          }
                        ]
                      }
                    ]
                  }
                ],
                "declKind": "EnumElement",
                "usr": "s:9NetLogSDK0aB5StoreC9EventTypeO6socketyA2EmF",
                "mangledName": "$s9NetLogSDK0aB5StoreC9EventTypeO6socketyA2EmF",
                "moduleName": "NetLogSDK",
                "fixedbinaryorder": 0
              },
              {
                "kind": "Var",
                "name": "network",
                "printedName": "network",
                "children": [
                  {
                    "kind": "TypeFunc",
                    "name": "Function",
                    "printedName": "(NetLogSDK.NetLogStore.EventType.Type) -> NetLogSDK.NetLogStore.EventType",
                    "children": [
                      {
                        "kind": "TypeNominal",
                        "name": "EventType",
                        "printedName": "NetLogSDK.NetLogStore.EventType",
                        "usr": "s:9NetLogSDK0aB5StoreC9EventTypeO"
                      },
                      {
                        "kind": "TypeNominal",
                        "name": "Metatype",
                        "printedName": "NetLogSDK.NetLogStore.EventType.Type",
                        "children": [
                          {
                            "kind": "TypeNominal",
                            "name": "EventType",
                            "printedName": "NetLogSDK.NetLogStore.EventType",
                            "usr": "s:9NetLogSDK0aB5StoreC9EventTypeO"
                          }
                        ]
                      }
                    ]
                  }
                ],
                "declKind": "EnumElement",
                "usr": "s:9NetLogSDK0aB5StoreC9EventTypeO7networkyA2EmF",
                "mangledName": "$s9NetLogSDK0aB5StoreC9EventTypeO7networkyA2EmF",
                "moduleName": "NetLogSDK",
                "fixedbinaryorder": 1
              },
              {
                "kind": "Var",
                "name": "system",
                "printedName": "system",
                "children": [
                  {
                    "kind": "TypeFunc",
                    "name": "Function",
                    "printedName": "(NetLogSDK.NetLogStore.EventType.Type) -> NetLogSDK.NetLogStore.EventType",
                    "children": [
                      {
                        "kind": "TypeNominal",
                        "name": "EventType",
                        "printedName": "NetLogSDK.NetLogStore.EventType",
                        "usr": "s:9NetLogSDK0aB5StoreC9EventTypeO"
                      },
                      {
                        "kind": "TypeNominal",
                        "name": "Metatype",
                        "printedName": "NetLogSDK.NetLogStore.EventType.Type",
                        "children": [
                          {
                            "kind": "TypeNominal",
                            "name": "EventType",
                            "printedName": "NetLogSDK.NetLogStore.EventType",
                            "usr": "s:9NetLogSDK0aB5StoreC9EventTypeO"
                          }
                        ]
                      }
                    ]
                  }
                ],
                "declKind": "EnumElement",
                "usr": "s:9NetLogSDK0aB5StoreC9EventTypeO6systemyA2EmF",
                "mangledName": "$s9NetLogSDK0aB5StoreC9EventTypeO6systemyA2EmF",
                "moduleName": "NetLogSDK",
                "fixedbinaryorder": 2
              },
              {
                "kind": "Var",
                "name": "networkError",
                "printedName": "networkError",
                "children": [
                  {
                    "kind": "TypeFunc",
                    "name": "Function",
                    "printedName": "(NetLogSDK.NetLogStore.EventType.Type) -> NetLogSDK.NetLogStore.EventType",
                    "children": [
                      {
                        "kind": "TypeNominal",
                        "name": "EventType",
                        "printedName": "NetLogSDK.NetLogStore.EventType",
                        "usr": "s:9NetLogSDK0aB5StoreC9EventTypeO"
                      },
                      {
                        "kind": "TypeNominal",
                        "name": "Metatype",
                        "printedName": "NetLogSDK.NetLogStore.EventType.Type",
                        "children": [
                          {
                            "kind": "TypeNominal",
                            "name": "EventType",
                            "printedName": "NetLogSDK.NetLogStore.EventType",
                            "usr": "s:9NetLogSDK0aB5StoreC9EventTypeO"
                          }
                        ]
                      }
                    ]
                  }
                ],
                "declKind": "EnumElement",
                "usr": "s:9NetLogSDK0aB5StoreC9EventTypeO12networkErroryA2EmF",
                "mangledName": "$s9NetLogSDK0aB5StoreC9EventTypeO12networkErroryA2EmF",
                "moduleName": "NetLogSDK",
                "fixedbinaryorder": 3
              },
              {
                "kind": "Constructor",
                "name": "init",
                "printedName": "init(rawValue:)",
                "children": [
                  {
                    "kind": "TypeNominal",
                    "name": "Optional",
                    "printedName": "NetLogSDK.NetLogStore.EventType?",
                    "children": [
                      {
                        "kind": "TypeNominal",
                        "name": "EventType",
                        "printedName": "NetLogSDK.NetLogStore.EventType",
                        "usr": "s:9NetLogSDK0aB5StoreC9EventTypeO"
                      }
                    ],
                    "usr": "s:Sq"
                  },
                  {
                    "kind": "TypeNominal",
                    "name": "Int16",
                    "printedName": "Swift.Int16",
                    "usr": "s:s5Int16V"
                  }
                ],
                "declKind": "Constructor",
                "usr": "s:9NetLogSDK0aB5StoreC9EventTypeO8rawValueAESgs5Int16V_tcfc",
                "mangledName": "$s9NetLogSDK0aB5StoreC9EventTypeO8rawValueAESgs5Int16V_tcfc",
                "moduleName": "NetLogSDK",
                "implicit": true,
                "init_kind": "Designated"
              },
              {
                "kind": "Var",
                "name": "rawValue",
                "printedName": "rawValue",
                "children": [
                  {
                    "kind": "TypeNominal",
                    "name": "Int16",
                    "printedName": "Swift.Int16",
                    "usr": "s:s5Int16V"
                  }
                ],
                "declKind": "Var",
                "usr": "s:9NetLogSDK0aB5StoreC9EventTypeO8rawValues5Int16Vvp",
                "mangledName": "$s9NetLogSDK0aB5StoreC9EventTypeO8rawValues5Int16Vvp",
                "moduleName": "NetLogSDK",
                "implicit": true,
                "accessors": [
                  {
                    "kind": "Accessor",
                    "name": "Get",
                    "printedName": "Get()",
                    "children": [
                      {
                        "kind": "TypeNominal",
                        "name": "Int16",
                        "printedName": "Swift.Int16",
                        "usr": "s:s5Int16V"
                      }
                    ],
                    "declKind": "Accessor",
                    "usr": "s:9NetLogSDK0aB5StoreC9EventTypeO8rawValues5Int16Vvg",
                    "mangledName": "$s9NetLogSDK0aB5StoreC9EventTypeO8rawValues5Int16Vvg",
                    "moduleName": "NetLogSDK",
                    "implicit": true,
                    "accessorKind": "get"
                  }
                ]
              },
              {
                "kind": "Var",
                "name": "allCases",
                "printedName": "allCases",
                "children": [
                  {
                    "kind": "TypeNominal",
                    "name": "Array",
                    "printedName": "[NetLogSDK.NetLogStore.EventType]",
                    "children": [
                      {
                        "kind": "TypeNominal",
                        "name": "EventType",
                        "printedName": "NetLogSDK.NetLogStore.EventType",
                        "usr": "s:9NetLogSDK0aB5StoreC9EventTypeO"
                      }
                    ],
                    "usr": "s:Sa"
                  }
                ],
                "declKind": "Var",
                "usr": "s:9NetLogSDK0aB5StoreC9EventTypeO8allCasesSayAEGvpZ",
                "mangledName": "$s9NetLogSDK0aB5StoreC9EventTypeO8allCasesSayAEGvpZ",
                "moduleName": "NetLogSDK",
                "static": true,
                "implicit": true,
                "accessors": [
                  {
                    "kind": "Accessor",
                    "name": "Get",
                    "printedName": "Get()",
                    "children": [
                      {
                        "kind": "TypeNominal",
                        "name": "Array",
                        "printedName": "[NetLogSDK.NetLogStore.EventType]",
                        "children": [
                          {
                            "kind": "TypeNominal",
                            "name": "EventType",
                            "printedName": "NetLogSDK.NetLogStore.EventType",
                            "usr": "s:9NetLogSDK0aB5StoreC9EventTypeO"
                          }
                        ],
                        "usr": "s:Sa"
                      }
                    ],
                    "declKind": "Accessor",
                    "usr": "s:9NetLogSDK0aB5StoreC9EventTypeO8allCasesSayAEGvgZ",
                    "mangledName": "$s9NetLogSDK0aB5StoreC9EventTypeO8allCasesSayAEGvgZ",
                    "moduleName": "NetLogSDK",
                    "static": true,
                    "implicit": true,
                    "accessorKind": "get"
                  }
                ]
              }
            ],
            "declKind": "Enum",
            "usr": "s:9NetLogSDK0aB5StoreC9EventTypeO",
            "mangledName": "$s9NetLogSDK0aB5StoreC9EventTypeO",
            "moduleName": "NetLogSDK",
            "declAttributes": [
              "AccessControl",
              "Frozen"
            ],
            "isFromExtension": true,
            "enumRawTypeName": "Int16",
            "isEnumExhaustive": true,
            "conformances": [
              {
                "kind": "Conformance",
                "name": "Equatable",
                "printedName": "Equatable",
                "usr": "s:SQ",
                "mangledName": "$sSQ"
              },
              {
                "kind": "Conformance",
                "name": "RawRepresentable",
                "printedName": "RawRepresentable",
                "children": [
                  {
                    "kind": "TypeWitness",
                    "name": "RawValue",
                    "printedName": "RawValue",
                    "children": [
                      {
                        "kind": "TypeNominal",
                        "name": "Int16",
                        "printedName": "Swift.Int16",
                        "usr": "s:s5Int16V"
                      }
                    ]
                  }
                ],
                "usr": "s:SY",
                "mangledName": "$sSY"
              },
              {
                "kind": "Conformance",
                "name": "CaseIterable",
                "printedName": "CaseIterable",
                "children": [
                  {
                    "kind": "TypeWitness",
                    "name": "AllCases",
                    "printedName": "AllCases",
                    "children": [
                      {
                        "kind": "TypeNominal",
                        "name": "Array",
                        "printedName": "[NetLogSDK.NetLogStore.EventType]",
                        "children": [
                          {
                            "kind": "TypeNominal",
                            "name": "EventType",
                            "printedName": "NetLogSDK.NetLogStore.EventType",
                            "usr": "s:9NetLogSDK0aB5StoreC9EventTypeO"
                          }
                        ],
                        "usr": "s:Sa"
                      }
                    ]
                  }
                ],
                "usr": "s:s12CaseIterableP",
                "mangledName": "$ss12CaseIterableP"
              },
              {
                "kind": "Conformance",
                "name": "Decodable",
                "printedName": "Decodable",
                "usr": "s:Se",
                "mangledName": "$sSe"
              },
              {
                "kind": "Conformance",
                "name": "Encodable",
                "printedName": "Encodable",
                "usr": "s:SE",
                "mangledName": "$sSE"
              },
              {
                "kind": "Conformance",
                "name": "Hashable",
                "printedName": "Hashable",
                "usr": "s:SH",
                "mangledName": "$sSH"
              },
              {
                "kind": "Conformance",
                "name": "Sendable",
                "printedName": "Sendable",
                "usr": "s:s8SendableP",
                "mangledName": "$ss8SendableP"
              }
            ]
          }
        ],
        "declKind": "Class",
        "usr": "s:9NetLogSDK0aB5StoreC",
        "mangledName": "$s9NetLogSDK0aB5StoreC",
        "moduleName": "NetLogSDK",
        "declAttributes": [
          "Final",
          "AccessControl",
          "RawDocComment"
        ],
        "hasMissingDesignatedInitializers": true,
        "conformances": [
          {
            "kind": "Conformance",
            "name": "Sendable",
            "printedName": "Sendable",
            "usr": "s:s8SendableP",
            "mangledName": "$ss8SendableP"
          }
        ]
      },
      {
        "kind": "Import",
        "name": "CoreData",
        "printedName": "CoreData",
        "declKind": "Import",
        "moduleName": "NetLogSDK",
        "declAttributes": [
          "RawDocComment"
        ]
      },
      {
        "kind": "Import",
        "name": "CoreData",
        "printedName": "CoreData",
        "declKind": "Import",
        "moduleName": "NetLogSDK",
        "declAttributes": [
          "RawDocComment"
        ]
      }
    ],
    "json_format_version": 8
  },
  "ConstValues": [
    {
      "filePath": "\/Users\/SergeyZhuravel\/iOSDev\/NetLog\/NetLog\/NetworkLogger\/NetworkLogger.swift",
      "kind": "BooleanLiteral",
      "offset": 1301,
      "length": 5,
      "value": "false"
    },
    {
      "filePath": "\/Users\/SergeyZhuravel\/iOSDev\/NetLog\/NetLog\/NetworkLogger\/NetworkLogger.swift",
      "kind": "Dictionary",
      "offset": 4330,
      "length": 3,
      "value": "[]"
    },
    {
      "filePath": "\/Users\/SergeyZhuravel\/iOSDev\/NetLog\/NetLog\/Setup\/NetLog.swift",
      "kind": "StringLiteral",
      "offset": 266,
      "length": 2,
      "value": "\"\""
    },
    {
      "filePath": "\/Users\/SergeyZhuravel\/iOSDev\/NetLog\/NetLog\/Setup\/NetLog.swift",
      "kind": "StringLiteral",
      "offset": 343,
      "length": 2,
      "value": "\"\""
    },
    {
      "filePath": "\/Users\/SergeyZhuravel\/iOSDev\/NetLog\/NetLog\/Setup\/NetLog.swift",
      "kind": "Array",
      "offset": 393,
      "length": 2,
      "value": "[]"
    },
    {
      "filePath": "\/Users\/SergeyZhuravel\/iOSDev\/NetLog\/NetLog\/Setup\/NetLog.swift",
      "kind": "BooleanLiteral",
      "offset": 440,
      "length": 5,
      "value": "false"
    },
    {
      "filePath": "\/Users\/SergeyZhuravel\/iOSDev\/NetLog\/NetLog\/Setup\/NetLog.swift",
      "kind": "Array",
      "offset": 610,
      "length": 2,
      "value": "[]"
    },
    {
      "filePath": "\/Users\/SergeyZhuravel\/iOSDev\/NetLog\/NetLog\/API\/APINetLog.swift",
      "kind": "StringLiteral",
      "offset": 598,
      "length": 21,
      "value": "\"api_netLog_bg_queue\""
    },
    {
      "filePath": "\/Users\/SergeyZhuravel\/iOSDev\/NetLog\/NetLog\/NetworkLogger\/URLSessionProxyDelegate.swift",
      "kind": "StringLiteral",
      "offset": 515,
      "length": 23,
      "value": "\"NetLogSDK.URLSessionProxyDelegate\""
    },
    {
      "filePath": "\/Users\/SergeyZhuravel\/iOSDev\/NetLog\/NetLog\/NetLogStore\/NetLogStore+Entities.swift",
      "kind": "IntegerLiteral",
      "offset": 3751,
      "length": 1,
      "value": "1"
    },
    {
      "filePath": "\/Users\/SergeyZhuravel\/iOSDev\/NetLog\/NetLog\/NetLogStore\/NetLogStore+Entities.swift",
      "kind": "IntegerLiteral",
      "offset": 3754,
      "length": 7,
      "value": "2"
    },
    {
      "filePath": "\/Users\/SergeyZhuravel\/iOSDev\/NetLog\/NetLog\/NetLogStore\/NetLogStore+Entities.swift",
      "kind": "IntegerLiteral",
      "offset": 3773,
      "length": 1,
      "value": "3"
    },
    {
      "filePath": "\/Users\/SergeyZhuravel\/iOSDev\/NetLog\/NetLog\/NetLogStore\/NetLogStore+Entities.swift",
      "kind": "IntegerLiteral",
      "offset": 3751,
      "length": 1,
      "value": "1"
    },
    {
      "filePath": "\/Users\/SergeyZhuravel\/iOSDev\/NetLog\/NetLog\/NetLogStore\/NetLogStore+Entities.swift",
      "kind": "IntegerLiteral",
      "offset": 3754,
      "length": 7,
      "value": "2"
    },
    {
      "filePath": "\/Users\/SergeyZhuravel\/iOSDev\/NetLog\/NetLog\/NetLogStore\/NetLogStore+Entities.swift",
      "kind": "IntegerLiteral",
      "offset": 3773,
      "length": 1,
      "value": "3"
    },
    {
      "filePath": "\/Users\/SergeyZhuravel\/iOSDev\/NetLog\/NetLog\/NetLogStore\/NetLogStore+Entities.swift",
      "kind": "IntegerLiteral",
      "offset": 3751,
      "length": 1,
      "value": "1"
    },
    {
      "filePath": "\/Users\/SergeyZhuravel\/iOSDev\/NetLog\/NetLog\/NetLogStore\/NetLogStore+Entities.swift",
      "kind": "IntegerLiteral",
      "offset": 3754,
      "length": 7,
      "value": "2"
    },
    {
      "filePath": "\/Users\/SergeyZhuravel\/iOSDev\/NetLog\/NetLog\/NetLogStore\/NetLogStore+Entities.swift",
      "kind": "IntegerLiteral",
      "offset": 3773,
      "length": 1,
      "value": "3"
    },
    {
      "filePath": "\/Users\/SergeyZhuravel\/iOSDev\/NetLog\/NetLog\/NetLogStore\/NetLogStore+Configuration.swift",
      "kind": "IntegerLiteral",
      "offset": 517,
      "length": 1,
      "value": "1"
    },
    {
      "filePath": "\/Users\/SergeyZhuravel\/iOSDev\/NetLog\/NetLog\/NetLogStore\/NetLogStore+Configuration.swift",
      "kind": "IntegerLiteral",
      "offset": 522,
      "length": 1,
      "value": "0"
    },
    {
      "filePath": "\/Users\/SergeyZhuravel\/iOSDev\/NetLog\/NetLog\/NetLogStore\/NetLogStore+Configuration.swift",
      "kind": "IntegerLiteral",
      "offset": 714,
      "length": 1,
      "value": "1"
    },
    {
      "filePath": "\/Users\/SergeyZhuravel\/iOSDev\/NetLog\/NetLog\/NetLogStore\/NetLogStore+Configuration.swift",
      "kind": "IntegerLiteral",
      "offset": 719,
      "length": 1,
      "value": "1"
    },
    {
      "filePath": "\/Users\/SergeyZhuravel\/iOSDev\/NetLog\/NetLog\/NetLogStore\/NetLogStore+Configuration.swift",
      "kind": "IntegerLiteral",
      "offset": 1391,
      "length": 1,
      "value": "1"
    },
    {
      "filePath": "\/Users\/SergeyZhuravel\/iOSDev\/NetLog\/NetLog\/NetLogStore\/NetLogStore+Configuration.swift",
      "kind": "IntegerLiteral",
      "offset": 1396,
      "length": 1,
      "value": "2"
    },
    {
      "filePath": "\/Users\/SergeyZhuravel\/iOSDev\/NetLog\/NetLog\/NetLogStore\/NetLogStore+Configuration.swift",
      "kind": "FloatLiteral",
      "offset": 1724,
      "length": 3,
      "value": "0.7"
    },
    {
      "filePath": "\/Users\/SergeyZhuravel\/iOSDev\/NetLog\/NetLog\/NetLogStore\/NetLogStore+Configuration.swift",
      "kind": "FloatLiteral",
      "offset": 1752,
      "length": 3,
      "value": "0.7"
    },
    {
      "filePath": "\/Users\/SergeyZhuravel\/iOSDev\/NetLog\/NetLog\/NetLogStore\/NetLogStore+Configuration.swift",
      "kind": "IntegerLiteral",
      "offset": 1829,
      "length": 4,
      "value": "1200"
    },
    {
      "filePath": "\/Users\/SergeyZhuravel\/iOSDev\/NetLog\/NetLog\/NetLogStore\/NetLogStore+Configuration.swift",
      "kind": "BooleanLiteral",
      "offset": 2027,
      "length": 4,
      "value": "true"
    },
    {
      "filePath": "\/Users\/SergeyZhuravel\/iOSDev\/NetLog\/NetLog\/NetLogStore\/NetLogStore+Configuration.swift",
      "kind": "IntegerLiteral",
      "offset": 2278,
      "length": 3,
      "value": "250"
    },
    {
      "filePath": "\/Users\/SergeyZhuravel\/iOSDev\/NetLog\/NetLog\/NetLogStore\/NetLogStore+Configuration.swift",
      "kind": "BooleanLiteral",
      "offset": 2419,
      "length": 4,
      "value": "true"
    },
    {
      "filePath": "\/Users\/SergeyZhuravel\/iOSDev\/NetLog\/NetLog\/NetLogStore\/NetLogStore+Configuration.swift",
      "kind": "IntegerLiteral",
      "offset": 2618,
      "length": 1,
      "value": "5"
    },
    {
      "filePath": "\/Users\/SergeyZhuravel\/iOSDev\/NetLog\/NetLog\/NetLogStore\/NetLogStore+Configuration.swift",
      "kind": "IntegerLiteral",
      "offset": 2622,
      "length": 7,
      "value": "1048576"
    },
    {
      "filePath": "\/Users\/SergeyZhuravel\/iOSDev\/NetLog\/NetLog\/NetLogStore\/NetLogStore+Configuration.swift",
      "kind": "IntegerLiteral",
      "offset": 2657,
      "length": 5,
      "value": "16384"
    },
    {
      "filePath": "\/Users\/SergeyZhuravel\/iOSDev\/NetLog\/NetLog\/NetLogStore\/NetLogStore+Configuration.swift",
      "kind": "IntegerLiteral",
      "offset": 3025,
      "length": 1,
      "value": "2"
    },
    {
      "filePath": "\/Users\/SergeyZhuravel\/iOSDev\/NetLog\/NetLog\/NetLogStore\/NetLogStore+Configuration.swift",
      "kind": "IntegerLiteral",
      "offset": 3029,
      "length": 5,
      "value": "86400"
    },
    {
      "filePath": "\/Users\/SergeyZhuravel\/iOSDev\/NetLog\/NetLog\/NetLogStore\/NetLogStore+Configuration.swift",
      "kind": "IntegerLiteral",
      "offset": 3734,
      "length": 3,
      "value": "128"
    },
    {
      "filePath": "\/Users\/SergeyZhuravel\/iOSDev\/NetLog\/NetLog\/NetLogStore\/NetLogStore+Configuration.swift",
      "kind": "IntegerLiteral",
      "offset": 3740,
      "length": 9,
      "value": "1000000"
    },
    {
      "filePath": "\/Users\/SergeyZhuravel\/iOSDev\/NetLog\/NetLog\/NetworkLogger\/NetworkLoggerInsights.swift",
      "kind": "StringLiteral",
      "offset": 993,
      "length": 32,
      "value": "\"netLog.network-logger-insights\""
    },
    {
      "filePath": "\/Users\/SergeyZhuravel\/iOSDev\/NetLog\/NetLog\/NetworkLogger\/NetworkLoggerInsights.swift",
      "kind": "Array",
      "offset": 2954,
      "length": 2,
      "value": "[]"
    },
    {
      "filePath": "\/Users\/SergeyZhuravel\/iOSDev\/NetLog\/NetLog\/NetworkLogger\/NetworkLoggerInsights.swift",
      "kind": "Dictionary",
      "offset": 3065,
      "length": 3,
      "value": "[]"
    },
    {
      "filePath": "\/Users\/SergeyZhuravel\/iOSDev\/NetLog\/NetLog\/NetworkLogger\/NetworkLoggerInsights.swift",
      "kind": "IntegerLiteral",
      "offset": 4561,
      "length": 1,
      "value": "0"
    },
    {
      "filePath": "\/Users\/SergeyZhuravel\/iOSDev\/NetLog\/NetLog\/NetworkLogger\/NetworkLoggerInsights.swift",
      "kind": "IntegerLiteral",
      "offset": 4609,
      "length": 1,
      "value": "0"
    },
    {
      "filePath": "\/Users\/SergeyZhuravel\/iOSDev\/NetLog\/NetLog\/NetworkLogger\/NetworkLoggerInsights.swift",
      "kind": "Array",
      "offset": 4650,
      "length": 2,
      "value": "[]"
    },
    {
      "filePath": "\/Users\/SergeyZhuravel\/iOSDev\/NetLog\/NetLog\/NetworkLogger\/NetworkLoggerInsights.swift",
      "kind": "Array",
      "offset": 4822,
      "length": 2,
      "value": "[]"
    },
    {
      "filePath": "\/Users\/SergeyZhuravel\/iOSDev\/NetLog\/NetLog\/Helpers\/NetworkReachability.swift",
      "kind": "StringLiteral",
      "offset": 291,
      "length": 42,
      "value": "\"App.Network.didUpdateNetworkReachability\""
    },
    {
      "filePath": "\/Users\/SergeyZhuravel\/iOSDev\/NetLog\/NetLog\/Helpers\/NetworkReachability.swift",
      "kind": "StringLiteral",
      "offset": 509,
      "length": 21,
      "value": "\"NetworkReachability\""
    },
    {
      "filePath": "\/Users\/SergeyZhuravel\/iOSDev\/NetLog\/NetLog\/Helpers\/Extensions.swift",
      "kind": "StringLiteral",
      "offset": 5702,
      "length": 32,
      "value": "\"NetLog.associated-logger-store\""
    },
    {
      "filePath": "\/Users\/SergeyZhuravel\/iOSDev\/NetLog\/NetLog\/Helpers\/Extensions.swift",
      "kind": "IntegerLiteral",
      "offset": 6670,
      "length": 14,
      "value": "1"
    },
    {
      "filePath": "\/Users\/SergeyZhuravel\/iOSDev\/NetLog\/NetLog\/Helpers\/Extensions.swift",
      "kind": "IntegerLiteral",
      "offset": 6694,
      "length": 27,
      "value": "2"
    },
    {
      "filePath": "\/Users\/SergeyZhuravel\/iOSDev\/NetLog\/NetLog\/Helpers\/Extensions.swift",
      "kind": "IntegerLiteral",
      "offset": 6731,
      "length": 14,
      "value": "3"
    },
    {
      "filePath": "\/Users\/SergeyZhuravel\/iOSDev\/NetLog\/NetLog\/Helpers\/Extensions.swift",
      "kind": "IntegerLiteral",
      "offset": 6670,
      "length": 14,
      "value": "1"
    },
    {
      "filePath": "\/Users\/SergeyZhuravel\/iOSDev\/NetLog\/NetLog\/Helpers\/Extensions.swift",
      "kind": "IntegerLiteral",
      "offset": 6694,
      "length": 27,
      "value": "2"
    },
    {
      "filePath": "\/Users\/SergeyZhuravel\/iOSDev\/NetLog\/NetLog\/Helpers\/Extensions.swift",
      "kind": "IntegerLiteral",
      "offset": 6731,
      "length": 14,
      "value": "3"
    },
    {
      "filePath": "\/Users\/SergeyZhuravel\/iOSDev\/NetLog\/NetLog\/Helpers\/Extensions.swift",
      "kind": "IntegerLiteral",
      "offset": 6670,
      "length": 14,
      "value": "1"
    },
    {
      "filePath": "\/Users\/SergeyZhuravel\/iOSDev\/NetLog\/NetLog\/Helpers\/Extensions.swift",
      "kind": "IntegerLiteral",
      "offset": 6694,
      "length": 27,
      "value": "2"
    },
    {
      "filePath": "\/Users\/SergeyZhuravel\/iOSDev\/NetLog\/NetLog\/Helpers\/Extensions.swift",
      "kind": "IntegerLiteral",
      "offset": 6731,
      "length": 14,
      "value": "3"
    },
    {
      "filePath": "\/Users\/SergeyZhuravel\/iOSDev\/NetLog\/NetLog\/NetLogStore\/NetLogStore+Level.swift",
      "kind": "IntegerLiteral",
      "offset": 388,
      "length": 1,
      "value": "1"
    },
    {
      "filePath": "\/Users\/SergeyZhuravel\/iOSDev\/NetLog\/NetLog\/NetLogStore\/NetLogStore+Level.swift",
      "kind": "IntegerLiteral",
      "offset": 403,
      "length": 7,
      "value": "2"
    },
    {
      "filePath": "\/Users\/SergeyZhuravel\/iOSDev\/NetLog\/NetLog\/NetLogStore\/NetLogStore+Level.swift",
      "kind": "IntegerLiteral",
      "offset": 424,
      "length": 6,
      "value": "3"
    },
    {
      "filePath": "\/Users\/SergeyZhuravel\/iOSDev\/NetLog\/NetLog\/NetLogStore\/NetLogStore+Level.swift",
      "kind": "IntegerLiteral",
      "offset": 444,
      "length": 12,
      "value": "4"
    },
    {
      "filePath": "\/Users\/SergeyZhuravel\/iOSDev\/NetLog\/NetLog\/NetLogStore\/NetLogStore+Level.swift",
      "kind": "IntegerLiteral",
      "offset": 388,
      "length": 1,
      "value": "1"
    },
    {
      "filePath": "\/Users\/SergeyZhuravel\/iOSDev\/NetLog\/NetLog\/NetLogStore\/NetLogStore+Level.swift",
      "kind": "IntegerLiteral",
      "offset": 403,
      "length": 7,
      "value": "2"
    },
    {
      "filePath": "\/Users\/SergeyZhuravel\/iOSDev\/NetLog\/NetLog\/NetLogStore\/NetLogStore+Level.swift",
      "kind": "IntegerLiteral",
      "offset": 424,
      "length": 6,
      "value": "3"
    },
    {
      "filePath": "\/Users\/SergeyZhuravel\/iOSDev\/NetLog\/NetLog\/NetLogStore\/NetLogStore+Level.swift",
      "kind": "IntegerLiteral",
      "offset": 444,
      "length": 12,
      "value": "4"
    },
    {
      "filePath": "\/Users\/SergeyZhuravel\/iOSDev\/NetLog\/NetLog\/NetLogStore\/NetLogStore+Level.swift",
      "kind": "IntegerLiteral",
      "offset": 388,
      "length": 1,
      "value": "1"
    },
    {
      "filePath": "\/Users\/SergeyZhuravel\/iOSDev\/NetLog\/NetLog\/NetLogStore\/NetLogStore+Level.swift",
      "kind": "IntegerLiteral",
      "offset": 403,
      "length": 7,
      "value": "2"
    },
    {
      "filePath": "\/Users\/SergeyZhuravel\/iOSDev\/NetLog\/NetLog\/NetLogStore\/NetLogStore+Level.swift",
      "kind": "IntegerLiteral",
      "offset": 424,
      "length": 6,
      "value": "3"
    },
    {
      "filePath": "\/Users\/SergeyZhuravel\/iOSDev\/NetLog\/NetLog\/NetLogStore\/NetLogStore+Level.swift",
      "kind": "IntegerLiteral",
      "offset": 444,
      "length": 12,
      "value": "4"
    },
    {
      "filePath": "\/Users\/SergeyZhuravel\/iOSDev\/NetLog\/NetLog\/NetworkLogger\/NetworkLogger+Entities.swift",
      "kind": "IntegerLiteral",
      "offset": 957,
      "length": 1,
      "value": "1"
    },
    {
      "filePath": "\/Users\/SergeyZhuravel\/iOSDev\/NetLog\/NetLog\/NetworkLogger\/NetworkLogger+Entities.swift",
      "kind": "IntegerLiteral",
      "offset": 962,
      "length": 1,
      "value": "0"
    },
    {
      "filePath": "\/Users\/SergeyZhuravel\/iOSDev\/NetLog\/NetLog\/NetworkLogger\/NetworkLogger+Entities.swift",
      "kind": "IntegerLiteral",
      "offset": 1046,
      "length": 1,
      "value": "1"
    },
    {
      "filePath": "\/Users\/SergeyZhuravel\/iOSDev\/NetLog\/NetLog\/NetworkLogger\/NetworkLogger+Entities.swift",
      "kind": "IntegerLiteral",
      "offset": 1051,
      "length": 1,
      "value": "1"
    },
    {
      "filePath": "\/Users\/SergeyZhuravel\/iOSDev\/NetLog\/NetLog\/NetworkLogger\/NetworkLogger+Entities.swift",
      "kind": "IntegerLiteral",
      "offset": 1137,
      "length": 1,
      "value": "1"
    },
    {
      "filePath": "\/Users\/SergeyZhuravel\/iOSDev\/NetLog\/NetLog\/NetworkLogger\/NetworkLogger+Entities.swift",
      "kind": "IntegerLiteral",
      "offset": 1142,
      "length": 1,
      "value": "2"
    },
    {
      "filePath": "\/Users\/SergeyZhuravel\/iOSDev\/NetLog\/NetLog\/NetworkLogger\/NetworkLogger+Entities.swift",
      "kind": "IntegerLiteral",
      "offset": 1221,
      "length": 1,
      "value": "1"
    },
    {
      "filePath": "\/Users\/SergeyZhuravel\/iOSDev\/NetLog\/NetLog\/NetworkLogger\/NetworkLogger+Entities.swift",
      "kind": "IntegerLiteral",
      "offset": 1226,
      "length": 1,
      "value": "3"
    },
    {
      "filePath": "\/Users\/SergeyZhuravel\/iOSDev\/NetLog\/NetLog\/NetworkLogger\/NetworkLogger+Entities.swift",
      "kind": "IntegerLiteral",
      "offset": 1305,
      "length": 1,
      "value": "1"
    },
    {
      "filePath": "\/Users\/SergeyZhuravel\/iOSDev\/NetLog\/NetLog\/NetworkLogger\/NetworkLogger+Entities.swift",
      "kind": "IntegerLiteral",
      "offset": 1310,
      "length": 1,
      "value": "4"
    },
    {
      "filePath": "\/Users\/SergeyZhuravel\/iOSDev\/NetLog\/NetLog\/NetworkLogger\/NetworkLogger+Entities.swift",
      "kind": "IntegerLiteral",
      "offset": 5990,
      "length": 1,
      "value": "0"
    },
    {
      "filePath": "\/Users\/SergeyZhuravel\/iOSDev\/NetLog\/NetLog\/NetworkLogger\/NetworkLogger+Entities.swift",
      "kind": "IntegerLiteral",
      "offset": 6053,
      "length": 1,
      "value": "0"
    },
    {
      "filePath": "\/Users\/SergeyZhuravel\/iOSDev\/NetLog\/NetLog\/NetworkLogger\/NetworkLogger+Entities.swift",
      "kind": "IntegerLiteral",
      "offset": 6106,
      "length": 1,
      "value": "0"
    },
    {
      "filePath": "\/Users\/SergeyZhuravel\/iOSDev\/NetLog\/NetLog\/NetworkLogger\/NetworkLogger+Entities.swift",
      "kind": "IntegerLiteral",
      "offset": 6300,
      "length": 1,
      "value": "0"
    },
    {
      "filePath": "\/Users\/SergeyZhuravel\/iOSDev\/NetLog\/NetLog\/NetworkLogger\/NetworkLogger+Entities.swift",
      "kind": "IntegerLiteral",
      "offset": 6363,
      "length": 1,
      "value": "0"
    },
    {
      "filePath": "\/Users\/SergeyZhuravel\/iOSDev\/NetLog\/NetLog\/NetworkLogger\/NetworkLogger+Entities.swift",
      "kind": "IntegerLiteral",
      "offset": 6421,
      "length": 1,
      "value": "0"
    },
    {
      "filePath": "\/Users\/SergeyZhuravel\/iOSDev\/NetLog\/NetLog\/NetworkLogger\/NetworkLogger+Entities.swift",
      "kind": "IntegerLiteral",
      "offset": 11444,
      "length": 1,
      "value": "1"
    },
    {
      "filePath": "\/Users\/SergeyZhuravel\/iOSDev\/NetLog\/NetLog\/NetworkLogger\/NetworkLogger+Entities.swift",
      "kind": "IntegerLiteral",
      "offset": 11449,
      "length": 1,
      "value": "0"
    },
    {
      "filePath": "\/Users\/SergeyZhuravel\/iOSDev\/NetLog\/NetLog\/NetworkLogger\/NetworkLogger+Entities.swift",
      "kind": "IntegerLiteral",
      "offset": 11526,
      "length": 1,
      "value": "1"
    },
    {
      "filePath": "\/Users\/SergeyZhuravel\/iOSDev\/NetLog\/NetLog\/NetworkLogger\/NetworkLogger+Entities.swift",
      "kind": "IntegerLiteral",
      "offset": 11531,
      "length": 1,
      "value": "1"
    },
    {
      "filePath": "\/Users\/SergeyZhuravel\/iOSDev\/NetLog\/NetLog\/NetworkLogger\/NetworkLogger+Entities.swift",
      "kind": "IntegerLiteral",
      "offset": 11600,
      "length": 1,
      "value": "1"
    },
    {
      "filePath": "\/Users\/SergeyZhuravel\/iOSDev\/NetLog\/NetLog\/NetworkLogger\/NetworkLogger+Entities.swift",
      "kind": "IntegerLiteral",
      "offset": 11605,
      "length": 1,
      "value": "2"
    },
    {
      "filePath": "\/Users\/SergeyZhuravel\/iOSDev\/NetLog\/NetLog\/NetworkLogger\/NetworkLogger+Entities.swift",
      "kind": "IntegerLiteral",
      "offset": 11675,
      "length": 1,
      "value": "1"
    },
    {
      "filePath": "\/Users\/SergeyZhuravel\/iOSDev\/NetLog\/NetLog\/NetworkLogger\/NetworkLogger+Entities.swift",
      "kind": "IntegerLiteral",
      "offset": 11680,
      "length": 1,
      "value": "3"
    },
    {
      "filePath": "\/Users\/SergeyZhuravel\/iOSDev\/NetLog\/NetLog\/NetworkLogger\/NetworkLogger+Entities.swift",
      "kind": "IntegerLiteral",
      "offset": 11752,
      "length": 1,
      "value": "1"
    },
    {
      "filePath": "\/Users\/SergeyZhuravel\/iOSDev\/NetLog\/NetLog\/NetworkLogger\/NetworkLogger+Entities.swift",
      "kind": "IntegerLiteral",
      "offset": 11757,
      "length": 1,
      "value": "4"
    },
    {
      "filePath": "\/Users\/SergeyZhuravel\/iOSDev\/NetLog\/NetLog\/NetworkLogger\/NetworkLogger+Entities.swift",
      "kind": "IntegerLiteral",
      "offset": 11827,
      "length": 1,
      "value": "1"
    },
    {
      "filePath": "\/Users\/SergeyZhuravel\/iOSDev\/NetLog\/NetLog\/NetworkLogger\/NetworkLogger+Entities.swift",
      "kind": "IntegerLiteral",
      "offset": 11832,
      "length": 1,
      "value": "5"
    },
    {
      "filePath": "\/Users\/SergeyZhuravel\/iOSDev\/NetLog\/NetLog\/NetworkLogger\/NetworkLogger+Entities.swift",
      "kind": "IntegerLiteral",
      "offset": 15225,
      "length": 12,
      "value": "1"
    },
    {
      "filePath": "\/Users\/SergeyZhuravel\/iOSDev\/NetLog\/NetLog\/NetworkLogger\/NetworkLogger+Entities.swift",
      "kind": "IntegerLiteral",
      "offset": 15251,
      "length": 10,
      "value": "2"
    },
    {
      "filePath": "\/Users\/SergeyZhuravel\/iOSDev\/NetLog\/NetLog\/NetworkLogger\/NetworkLogger+Entities.swift",
      "kind": "IntegerLiteral",
      "offset": 15275,
      "length": 10,
      "value": "3"
    },
    {
      "filePath": "\/Users\/SergeyZhuravel\/iOSDev\/NetLog\/NetLog\/NetworkLogger\/NetworkLogger+Entities.swift",
      "kind": "IntegerLiteral",
      "offset": 15299,
      "length": 13,
      "value": "4"
    },
    {
      "filePath": "\/Users\/SergeyZhuravel\/iOSDev\/NetLog\/NetLog\/NetworkLogger\/NetworkLogger+Entities.swift",
      "kind": "IntegerLiteral",
      "offset": 15225,
      "length": 12,
      "value": "1"
    },
    {
      "filePath": "\/Users\/SergeyZhuravel\/iOSDev\/NetLog\/NetLog\/NetworkLogger\/NetworkLogger+Entities.swift",
      "kind": "IntegerLiteral",
      "offset": 15251,
      "length": 10,
      "value": "2"
    },
    {
      "filePath": "\/Users\/SergeyZhuravel\/iOSDev\/NetLog\/NetLog\/NetworkLogger\/NetworkLogger+Entities.swift",
      "kind": "IntegerLiteral",
      "offset": 15275,
      "length": 10,
      "value": "3"
    },
    {
      "filePath": "\/Users\/SergeyZhuravel\/iOSDev\/NetLog\/NetLog\/NetworkLogger\/NetworkLogger+Entities.swift",
      "kind": "IntegerLiteral",
      "offset": 15299,
      "length": 13,
      "value": "4"
    },
    {
      "filePath": "\/Users\/SergeyZhuravel\/iOSDev\/NetLog\/NetLog\/NetworkLogger\/NetworkLogger+Entities.swift",
      "kind": "IntegerLiteral",
      "offset": 15225,
      "length": 12,
      "value": "1"
    },
    {
      "filePath": "\/Users\/SergeyZhuravel\/iOSDev\/NetLog\/NetLog\/NetworkLogger\/NetworkLogger+Entities.swift",
      "kind": "IntegerLiteral",
      "offset": 15251,
      "length": 10,
      "value": "2"
    },
    {
      "filePath": "\/Users\/SergeyZhuravel\/iOSDev\/NetLog\/NetLog\/NetworkLogger\/NetworkLogger+Entities.swift",
      "kind": "IntegerLiteral",
      "offset": 15275,
      "length": 10,
      "value": "3"
    },
    {
      "filePath": "\/Users\/SergeyZhuravel\/iOSDev\/NetLog\/NetLog\/NetworkLogger\/NetworkLogger+Entities.swift",
      "kind": "IntegerLiteral",
      "offset": 15299,
      "length": 13,
      "value": "4"
    },
    {
      "filePath": "\/Users\/SergeyZhuravel\/iOSDev\/NetLog\/NetLog\/NetworkLogger\/NetworkLogger+Entities.swift",
      "kind": "StringLiteral",
      "offset": 16524,
      "length": 15,
      "value": "\"DecodingError\""
    },
    {
      "filePath": "\/Users\/SergeyZhuravel\/iOSDev\/NetLog\/NetLog\/NetworkLogger\/NetworkLogger+Entities.swift",
      "kind": "StringLiteral",
      "offset": 19977,
      "length": 5,
      "value": "\"*\/*\""
    },
    {
      "filePath": "\/Users\/SergeyZhuravel\/iOSDev\/NetLog\/NetLog\/NetLogStore\/NetLogStore+Model.swift",
      "kind": "StringLiteral",
      "offset": 1002,
      "length": 11,
      "value": "\"createdAt\""
    },
    {
      "filePath": "\/Users\/SergeyZhuravel\/iOSDev\/NetLog\/NetLog\/NetLogStore\/NetLogStore+Model.swift",
      "kind": "StringLiteral",
      "offset": 1070,
      "length": 10,
      "value": "\"isPinned\""
    },
    {
      "filePath": "\/Users\/SergeyZhuravel\/iOSDev\/NetLog\/NetLog\/NetLogStore\/NetLogStore+Model.swift",
      "kind": "StringLiteral",
      "offset": 1140,
      "length": 9,
      "value": "\"session\""
    },
    {
      "filePath": "\/Users\/SergeyZhuravel\/iOSDev\/NetLog\/NetLog\/NetLogStore\/NetLogStore+Model.swift",
      "kind": "StringLiteral",
      "offset": 1206,
      "length": 11,
      "value": "\"eventType\""
    },
    {
      "filePath": "\/Users\/SergeyZhuravel\/iOSDev\/NetLog\/NetLog\/NetLogStore\/NetLogStore+Model.swift",
      "kind": "StringLiteral",
      "offset": 1279,
      "length": 6,
      "value": "\"text\""
    },
    {
      "filePath": "\/Users\/SergeyZhuravel\/iOSDev\/NetLog\/NetLog\/NetLogStore\/NetLogStore+Model.swift",
      "kind": "StringLiteral",
      "offset": 1344,
      "length": 6,
      "value": "\"file\""
    },
    {
      "filePath": "\/Users\/SergeyZhuravel\/iOSDev\/NetLog\/NetLog\/NetLogStore\/NetLogStore+Model.swift",
      "kind": "StringLiteral",
      "offset": 1409,
      "length": 10,
      "value": "\"function\""
    },
    {
      "filePath": "\/Users\/SergeyZhuravel\/iOSDev\/NetLog\/NetLog\/NetLogStore\/NetLogStore+Model.swift",
      "kind": "StringLiteral",
      "offset": 1478,
      "length": 6,
      "value": "\"line\""
    },
    {
      "filePath": "\/Users\/SergeyZhuravel\/iOSDev\/NetLog\/NetLog\/NetLogStore\/NetLogStore+Model.swift",
      "kind": "StringLiteral",
      "offset": 1546,
      "length": 13,
      "value": "\"rawMetadata\""
    },
    {
      "filePath": "\/Users\/SergeyZhuravel\/iOSDev\/NetLog\/NetLog\/NetLogStore\/NetLogStore+Model.swift",
      "kind": "StringLiteral",
      "offset": 1618,
      "length": 8,
      "value": "\"base64\""
    },
    {
      "filePath": "\/Users\/SergeyZhuravel\/iOSDev\/NetLog\/NetLog\/NetLogStore\/NetLogStore+Model.swift",
      "kind": "StringLiteral",
      "offset": 1688,
      "length": 7,
      "value": "\"label\""
    },
    {
      "filePath": "\/Users\/SergeyZhuravel\/iOSDev\/NetLog\/NetLog\/NetLogStore\/NetLogStore+Model.swift",
      "kind": "StringLiteral",
      "offset": 1796,
      "length": 6,
      "value": "\"task\""
    },
    {
      "filePath": "\/Users\/SergeyZhuravel\/iOSDev\/NetLog\/NetLog\/NetLogStore\/NetLogStore+Model.swift",
      "kind": "BooleanLiteral",
      "offset": 1832,
      "length": 4,
      "value": "true"
    },
    {
      "filePath": "\/Users\/SergeyZhuravel\/iOSDev\/NetLog\/NetLog\/NetLogStore\/NetLogStore+Model.swift",
      "kind": "StringLiteral",
      "offset": 1921,
      "length": 6,
      "value": "\"name\""
    },
    {
      "filePath": "\/Users\/SergeyZhuravel\/iOSDev\/NetLog\/NetLog\/NetLogStore\/NetLogStore+Model.swift",
      "kind": "StringLiteral",
      "offset": 1986,
      "length": 7,
      "value": "\"count\""
    },
    {
      "filePath": "\/Users\/SergeyZhuravel\/iOSDev\/NetLog\/NetLog\/NetLogStore\/NetLogStore+Model.swift",
      "kind": "StringLiteral",
      "offset": 2094,
      "length": 11,
      "value": "\"createdAt\""
    },
    {
      "filePath": "\/Users\/SergeyZhuravel\/iOSDev\/NetLog\/NetLog\/NetLogStore\/NetLogStore+Model.swift",
      "kind": "StringLiteral",
      "offset": 2162,
      "length": 9,
      "value": "\"session\""
    },
    {
      "filePath": "\/Users\/SergeyZhuravel\/iOSDev\/NetLog\/NetLog\/NetLogStore\/NetLogStore+Model.swift",
      "kind": "StringLiteral",
      "offset": 2228,
      "length": 8,
      "value": "\"taskId\""
    },
    {
      "filePath": "\/Users\/SergeyZhuravel\/iOSDev\/NetLog\/NetLog\/NetLogStore\/NetLogStore+Model.swift",
      "kind": "StringLiteral",
      "offset": 2293,
      "length": 10,
      "value": "\"taskType\""
    },
    {
      "filePath": "\/Users\/SergeyZhuravel\/iOSDev\/NetLog\/NetLog\/NetLogStore\/NetLogStore+Model.swift",
      "kind": "StringLiteral",
      "offset": 2365,
      "length": 5,
      "value": "\"url\""
    },
    {
      "filePath": "\/Users\/SergeyZhuravel\/iOSDev\/NetLog\/NetLog\/NetLogStore\/NetLogStore+Model.swift",
      "kind": "StringLiteral",
      "offset": 2429,
      "length": 8,
      "value": "\"base64\""
    },
    {
      "filePath": "\/Users\/SergeyZhuravel\/iOSDev\/NetLog\/NetLog\/NetLogStore\/NetLogStore+Model.swift",
      "kind": "StringLiteral",
      "offset": 2499,
      "length": 6,
      "value": "\"host\""
    },
    {
      "filePath": "\/Users\/SergeyZhuravel\/iOSDev\/NetLog\/NetLog\/NetLogStore\/NetLogStore+Model.swift",
      "kind": "BooleanLiteral",
      "offset": 2535,
      "length": 4,
      "value": "true"
    },
    {
      "filePath": "\/Users\/SergeyZhuravel\/iOSDev\/NetLog\/NetLog\/NetLogStore\/NetLogStore+Model.swift",
      "kind": "StringLiteral",
      "offset": 2587,
      "length": 12,
      "value": "\"httpMethod\""
    },
    {
      "filePath": "\/Users\/SergeyZhuravel\/iOSDev\/NetLog\/NetLog\/NetLogStore\/NetLogStore+Model.swift",
      "kind": "StringLiteral",
      "offset": 2658,
      "length": 12,
      "value": "\"statusCode\""
    },
    {
      "filePath": "\/Users\/SergeyZhuravel\/iOSDev\/NetLog\/NetLog\/NetLogStore\/NetLogStore+Model.swift",
      "kind": "StringLiteral",
      "offset": 2732,
      "length": 11,
      "value": "\"errorCode\""
    },
    {
      "filePath": "\/Users\/SergeyZhuravel\/iOSDev\/NetLog\/NetLog\/NetLogStore\/NetLogStore+Model.swift",
      "kind": "StringLiteral",
      "offset": 2805,
      "length": 13,
      "value": "\"errorDomain\""
    },
    {
      "filePath": "\/Users\/SergeyZhuravel\/iOSDev\/NetLog\/NetLog\/NetLogStore\/NetLogStore+Model.swift",
      "kind": "StringLiteral",
      "offset": 2877,
      "length": 23,
      "value": "\"errorDebugDescription\""
    },
    {
      "filePath": "\/Users\/SergeyZhuravel\/iOSDev\/NetLog\/NetLog\/NetLogStore\/NetLogStore+Model.swift",
      "kind": "StringLiteral",
      "offset": 2959,
      "length": 17,
      "value": "\"underlyingError\""
    },
    {
      "filePath": "\/Users\/SergeyZhuravel\/iOSDev\/NetLog\/NetLog\/NetLogStore\/NetLogStore+Model.swift",
      "kind": "StringLiteral",
      "offset": 3039,
      "length": 11,
      "value": "\"startDate\""
    },
    {
      "filePath": "\/Users\/SergeyZhuravel\/iOSDev\/NetLog\/NetLog\/NetLogStore\/NetLogStore+Model.swift",
      "kind": "StringLiteral",
      "offset": 3107,
      "length": 10,
      "value": "\"duration\""
    },
    {
      "filePath": "\/Users\/SergeyZhuravel\/iOSDev\/NetLog\/NetLog\/NetLogStore\/NetLogStore+Model.swift",
      "kind": "StringLiteral",
      "offset": 3176,
      "length": 15,
      "value": "\"redirectCount\""
    },
    {
      "filePath": "\/Users\/SergeyZhuravel\/iOSDev\/NetLog\/NetLog\/NetLogStore\/NetLogStore+Model.swift",
      "kind": "StringLiteral",
      "offset": 3253,
      "length": 21,
      "value": "\"responseContentType\""
    },
    {
      "filePath": "\/Users\/SergeyZhuravel\/iOSDev\/NetLog\/NetLog\/NetLogStore\/NetLogStore+Model.swift",
      "kind": "StringLiteral",
      "offset": 3333,
      "length": 14,
      "value": "\"requestState\""
    },
    {
      "filePath": "\/Users\/SergeyZhuravel\/iOSDev\/NetLog\/NetLog\/NetLogStore\/NetLogStore+Model.swift",
      "kind": "StringLiteral",
      "offset": 3409,
      "length": 17,
      "value": "\"requestBodySize\""
    },
    {
      "filePath": "\/Users\/SergeyZhuravel\/iOSDev\/NetLog\/NetLog\/NetLogStore\/NetLogStore+Model.swift",
      "kind": "StringLiteral",
      "offset": 3488,
      "length": 18,
      "value": "\"responseBodySize\""
    },
    {
      "filePath": "\/Users\/SergeyZhuravel\/iOSDev\/NetLog\/NetLog\/NetLogStore\/NetLogStore+Model.swift",
      "kind": "StringLiteral",
      "offset": 3568,
      "length": 13,
      "value": "\"isFromCache\""
    },
    {
      "filePath": "\/Users\/SergeyZhuravel\/iOSDev\/NetLog\/NetLog\/NetLogStore\/NetLogStore+Model.swift",
      "kind": "StringLiteral",
      "offset": 3641,
      "length": 13,
      "value": "\"rawMetadata\""
    },
    {
      "filePath": "\/Users\/SergeyZhuravel\/iOSDev\/NetLog\/NetLog\/NetLogStore\/NetLogStore+Model.swift",
      "kind": "StringLiteral",
      "offset": 3716,
      "length": 17,
      "value": "\"originalRequest\""
    },
    {
      "filePath": "\/Users\/SergeyZhuravel\/iOSDev\/NetLog\/NetLog\/NetLogStore\/NetLogStore+Model.swift",
      "kind": "StringLiteral",
      "offset": 3803,
      "length": 16,
      "value": "\"currentRequest\""
    },
    {
      "filePath": "\/Users\/SergeyZhuravel\/iOSDev\/NetLog\/NetLog\/NetLogStore\/NetLogStore+Model.swift",
      "kind": "BooleanLiteral",
      "offset": 3849,
      "length": 4,
      "value": "true"
    },
    {
      "filePath": "\/Users\/SergeyZhuravel\/iOSDev\/NetLog\/NetLog\/NetLogStore\/NetLogStore+Model.swift",
      "kind": "StringLiteral",
      "offset": 3905,
      "length": 10,
      "value": "\"response\""
    },
    {
      "filePath": "\/Users\/SergeyZhuravel\/iOSDev\/NetLog\/NetLog\/NetLogStore\/NetLogStore+Model.swift",
      "kind": "BooleanLiteral",
      "offset": 3945,
      "length": 4,
      "value": "true"
    },
    {
      "filePath": "\/Users\/SergeyZhuravel\/iOSDev\/NetLog\/NetLog\/NetLogStore\/NetLogStore+Model.swift",
      "kind": "StringLiteral",
      "offset": 4002,
      "length": 14,
      "value": "\"transactions\""
    },
    {
      "filePath": "\/Users\/SergeyZhuravel\/iOSDev\/NetLog\/NetLog\/NetLogStore\/NetLogStore+Model.swift",
      "kind": "StringLiteral",
      "offset": 4089,
      "length": 9,
      "value": "\"message\""
    },
    {
      "filePath": "\/Users\/SergeyZhuravel\/iOSDev\/NetLog\/NetLog\/NetLogStore\/NetLogStore+Model.swift",
      "kind": "StringLiteral",
      "offset": 4168,
      "length": 13,
      "value": "\"requestBody\""
    },
    {
      "filePath": "\/Users\/SergeyZhuravel\/iOSDev\/NetLog\/NetLog\/NetLogStore\/NetLogStore+Model.swift",
      "kind": "BooleanLiteral",
      "offset": 4211,
      "length": 4,
      "value": "true"
    },
    {
      "filePath": "\/Users\/SergeyZhuravel\/iOSDev\/NetLog\/NetLog\/NetLogStore\/NetLogStore+Model.swift",
      "kind": "StringLiteral",
      "offset": 4297,
      "length": 14,
      "value": "\"responseBody\""
    },
    {
      "filePath": "\/Users\/SergeyZhuravel\/iOSDev\/NetLog\/NetLog\/NetLogStore\/NetLogStore+Model.swift",
      "kind": "BooleanLiteral",
      "offset": 4341,
      "length": 4,
      "value": "true"
    },
    {
      "filePath": "\/Users\/SergeyZhuravel\/iOSDev\/NetLog\/NetLog\/NetLogStore\/NetLogStore+Model.swift",
      "kind": "StringLiteral",
      "offset": 4427,
      "length": 10,
      "value": "\"progress\""
    },
    {
      "filePath": "\/Users\/SergeyZhuravel\/iOSDev\/NetLog\/NetLog\/NetLogStore\/NetLogStore+Model.swift",
      "kind": "BooleanLiteral",
      "offset": 4467,
      "length": 4,
      "value": "true"
    },
    {
      "filePath": "\/Users\/SergeyZhuravel\/iOSDev\/NetLog\/NetLog\/NetLogStore\/NetLogStore+Model.swift",
      "kind": "StringLiteral",
      "offset": 4561,
      "length": 7,
      "value": "\"value\""
    },
    {
      "filePath": "\/Users\/SergeyZhuravel\/iOSDev\/NetLog\/NetLog\/NetLogStore\/NetLogStore+Model.swift",
      "kind": "StringLiteral",
      "offset": 4627,
      "length": 7,
      "value": "\"count\""
    },
    {
      "filePath": "\/Users\/SergeyZhuravel\/iOSDev\/NetLog\/NetLog\/NetLogStore\/NetLogStore+Model.swift",
      "kind": "StringLiteral",
      "offset": 4737,
      "length": 5,
      "value": "\"url\""
    },
    {
      "filePath": "\/Users\/SergeyZhuravel\/iOSDev\/NetLog\/NetLog\/NetLogStore\/NetLogStore+Model.swift",
      "kind": "StringLiteral",
      "offset": 4801,
      "length": 12,
      "value": "\"httpMethod\""
    },
    {
      "filePath": "\/Users\/SergeyZhuravel\/iOSDev\/NetLog\/NetLog\/NetLogStore\/NetLogStore+Model.swift",
      "kind": "BooleanLiteral",
      "offset": 4861,
      "length": 4,
      "value": "true"
    },
    {
      "filePath": "\/Users\/SergeyZhuravel\/iOSDev\/NetLog\/NetLog\/NetLogStore\/NetLogStore+Model.swift",
      "kind": "StringLiteral",
      "offset": 4897,
      "length": 13,
      "value": "\"httpHeaders\""
    },
    {
      "filePath": "\/Users\/SergeyZhuravel\/iOSDev\/NetLog\/NetLog\/NetLogStore\/NetLogStore+Model.swift",
      "kind": "StringLiteral",
      "offset": 4969,
      "length": 22,
      "value": "\"allowsCellularAccess\""
    },
    {
      "filePath": "\/Users\/SergeyZhuravel\/iOSDev\/NetLog\/NetLog\/NetLogStore\/NetLogStore+Model.swift",
      "kind": "StringLiteral",
      "offset": 5051,
      "length": 30,
      "value": "\"allowsExpensiveNetworkAccess\""
    },
    {
      "filePath": "\/Users\/SergeyZhuravel\/iOSDev\/NetLog\/NetLog\/NetLogStore\/NetLogStore+Model.swift",
      "kind": "StringLiteral",
      "offset": 5141,
      "length": 32,
      "value": "\"allowsConstrainedNetworkAccess\""
    },
    {
      "filePath": "\/Users\/SergeyZhuravel\/iOSDev\/NetLog\/NetLog\/NetLogStore\/NetLogStore+Model.swift",
      "kind": "StringLiteral",
      "offset": 5233,
      "length": 25,
      "value": "\"httpShouldHandleCookies\""
    },
    {
      "filePath": "\/Users\/SergeyZhuravel\/iOSDev\/NetLog\/NetLog\/NetLogStore\/NetLogStore+Model.swift",
      "kind": "StringLiteral",
      "offset": 5318,
      "length": 25,
      "value": "\"httpShouldUsePipelining\""
    },
    {
      "filePath": "\/Users\/SergeyZhuravel\/iOSDev\/NetLog\/NetLog\/NetLogStore\/NetLogStore+Model.swift",
      "kind": "StringLiteral",
      "offset": 5403,
      "length": 17,
      "value": "\"timeoutInterval\""
    },
    {
      "filePath": "\/Users\/SergeyZhuravel\/iOSDev\/NetLog\/NetLog\/NetLogStore\/NetLogStore+Model.swift",
      "kind": "StringLiteral",
      "offset": 5482,
      "length": 16,
      "value": "\"rawCachePolicy\""
    },
    {
      "filePath": "\/Users\/SergeyZhuravel\/iOSDev\/NetLog\/NetLog\/NetLogStore\/NetLogStore+Model.swift",
      "kind": "StringLiteral",
      "offset": 5602,
      "length": 12,
      "value": "\"statusCode\""
    },
    {
      "filePath": "\/Users\/SergeyZhuravel\/iOSDev\/NetLog\/NetLog\/NetLogStore\/NetLogStore+Model.swift",
      "kind": "StringLiteral",
      "offset": 5676,
      "length": 13,
      "value": "\"httpHeaders\""
    },
    {
      "filePath": "\/Users\/SergeyZhuravel\/iOSDev\/NetLog\/NetLog\/NetLogStore\/NetLogStore+Model.swift",
      "kind": "StringLiteral",
      "offset": 5791,
      "length": 20,
      "value": "\"completedUnitCount\""
    },
    {
      "filePath": "\/Users\/SergeyZhuravel\/iOSDev\/NetLog\/NetLog\/NetLogStore\/NetLogStore+Model.swift",
      "kind": "StringLiteral",
      "offset": 5873,
      "length": 16,
      "value": "\"totalUnitCount\""
    },
    {
      "filePath": "\/Users\/SergeyZhuravel\/iOSDev\/NetLog\/NetLog\/NetLogStore\/NetLogStore+Model.swift",
      "kind": "StringLiteral",
      "offset": 5996,
      "length": 7,
      "value": "\"index\""
    },
    {
      "filePath": "\/Users\/SergeyZhuravel\/iOSDev\/NetLog\/NetLog\/NetLogStore\/NetLogStore+Model.swift",
      "kind": "StringLiteral",
      "offset": 6065,
      "length": 14,
      "value": "\"rawFetchType\""
    },
    {
      "filePath": "\/Users\/SergeyZhuravel\/iOSDev\/NetLog\/NetLog\/NetLogStore\/NetLogStore+Model.swift",
      "kind": "StringLiteral",
      "offset": 6144,
      "length": 9,
      "value": "\"request\""
    },
    {
      "filePath": "\/Users\/SergeyZhuravel\/iOSDev\/NetLog\/NetLog\/NetLogStore\/NetLogStore+Model.swift",
      "kind": "StringLiteral",
      "offset": 6223,
      "length": 10,
      "value": "\"response\""
    },
    {
      "filePath": "\/Users\/SergeyZhuravel\/iOSDev\/NetLog\/NetLog\/NetLogStore\/NetLogStore+Model.swift",
      "kind": "BooleanLiteral",
      "offset": 6263,
      "length": 4,
      "value": "true"
    },
    {
      "filePath": "\/Users\/SergeyZhuravel\/iOSDev\/NetLog\/NetLog\/NetLogStore\/NetLogStore+Model.swift",
      "kind": "StringLiteral",
      "offset": 6317,
      "length": 17,
      "value": "\"networkProtocol\""
    },
    {
      "filePath": "\/Users\/SergeyZhuravel\/iOSDev\/NetLog\/NetLog\/NetLogStore\/NetLogStore+Model.swift",
      "kind": "StringLiteral",
      "offset": 6393,
      "length": 14,
      "value": "\"localAddress\""
    },
    {
      "filePath": "\/Users\/SergeyZhuravel\/iOSDev\/NetLog\/NetLog\/NetLogStore\/NetLogStore+Model.swift",
      "kind": "StringLiteral",
      "offset": 6466,
      "length": 15,
      "value": "\"remoteAddress\""
    },
    {
      "filePath": "\/Users\/SergeyZhuravel\/iOSDev\/NetLog\/NetLog\/NetLogStore\/NetLogStore+Model.swift",
      "kind": "StringLiteral",
      "offset": 6540,
      "length": 11,
      "value": "\"localPort\""
    },
    {
      "filePath": "\/Users\/SergeyZhuravel\/iOSDev\/NetLog\/NetLog\/NetLogStore\/NetLogStore+Model.swift",
      "kind": "StringLiteral",
      "offset": 6613,
      "length": 12,
      "value": "\"remotePort\""
    },
    {
      "filePath": "\/Users\/SergeyZhuravel\/iOSDev\/NetLog\/NetLog\/NetLogStore\/NetLogStore+Model.swift",
      "kind": "StringLiteral",
      "offset": 6687,
      "length": 19,
      "value": "\"isProxyConnection\""
    },
    {
      "filePath": "\/Users\/SergeyZhuravel\/iOSDev\/NetLog\/NetLog\/NetLogStore\/NetLogStore+Model.swift",
      "kind": "StringLiteral",
      "offset": 6766,
      "length": 20,
      "value": "\"isReusedConnection\""
    },
    {
      "filePath": "\/Users\/SergeyZhuravel\/iOSDev\/NetLog\/NetLog\/NetLogStore\/NetLogStore+Model.swift",
      "kind": "StringLiteral",
      "offset": 6846,
      "length": 12,
      "value": "\"isCellular\""
    },
    {
      "filePath": "\/Users\/SergeyZhuravel\/iOSDev\/NetLog\/NetLog\/NetLogStore\/NetLogStore+Model.swift",
      "kind": "StringLiteral",
      "offset": 6918,
      "length": 13,
      "value": "\"isExpensive\""
    },
    {
      "filePath": "\/Users\/SergeyZhuravel\/iOSDev\/NetLog\/NetLog\/NetLogStore\/NetLogStore+Model.swift",
      "kind": "StringLiteral",
      "offset": 6991,
      "length": 15,
      "value": "\"isConstrained\""
    },
    {
      "filePath": "\/Users\/SergeyZhuravel\/iOSDev\/NetLog\/NetLog\/NetLogStore\/NetLogStore+Model.swift",
      "kind": "StringLiteral",
      "offset": 7066,
      "length": 13,
      "value": "\"isMultipath\""
    },
    {
      "filePath": "\/Users\/SergeyZhuravel\/iOSDev\/NetLog\/NetLog\/NetLogStore\/NetLogStore+Model.swift",
      "kind": "StringLiteral",
      "offset": 7139,
      "length": 33,
      "value": "\"rawNegotiatedTLSProtocolVersion\""
    },
    {
      "filePath": "\/Users\/SergeyZhuravel\/iOSDev\/NetLog\/NetLog\/NetLogStore\/NetLogStore+Model.swift",
      "kind": "StringLiteral",
      "offset": 7234,
      "length": 29,
      "value": "\"rawNegotiatedTLSCipherSuite\""
    },
    {
      "filePath": "\/Users\/SergeyZhuravel\/iOSDev\/NetLog\/NetLog\/NetLogStore\/NetLogStore+Model.swift",
      "kind": "StringLiteral",
      "offset": 7325,
      "length": 16,
      "value": "\"fetchStartDate\""
    },
    {
      "filePath": "\/Users\/SergeyZhuravel\/iOSDev\/NetLog\/NetLog\/NetLogStore\/NetLogStore+Model.swift",
      "kind": "StringLiteral",
      "offset": 7398,
      "length": 23,
      "value": "\"domainLookupStartDate\""
    },
    {
      "filePath": "\/Users\/SergeyZhuravel\/iOSDev\/NetLog\/NetLog\/NetLogStore\/NetLogStore+Model.swift",
      "kind": "StringLiteral",
      "offset": 7478,
      "length": 21,
      "value": "\"domainLookupEndDate\""
    },
    {
      "filePath": "\/Users\/SergeyZhuravel\/iOSDev\/NetLog\/NetLog\/NetLogStore\/NetLogStore+Model.swift",
      "kind": "StringLiteral",
      "offset": 7556,
      "length": 18,
      "value": "\"connectStartDate\""
    },
    {
      "filePath": "\/Users\/SergeyZhuravel\/iOSDev\/NetLog\/NetLog\/NetLogStore\/NetLogStore+Model.swift",
      "kind": "StringLiteral",
      "offset": 7631,
      "length": 27,
      "value": "\"secureConnectionStartDate\""
    },
    {
      "filePath": "\/Users\/SergeyZhuravel\/iOSDev\/NetLog\/NetLog\/NetLogStore\/NetLogStore+Model.swift",
      "kind": "StringLiteral",
      "offset": 7715,
      "length": 25,
      "value": "\"secureConnectionEndDate\""
    },
    {
      "filePath": "\/Users\/SergeyZhuravel\/iOSDev\/NetLog\/NetLog\/NetLogStore\/NetLogStore+Model.swift",
      "kind": "StringLiteral",
      "offset": 7797,
      "length": 16,
      "value": "\"connectEndDate\""
    },
    {
      "filePath": "\/Users\/SergeyZhuravel\/iOSDev\/NetLog\/NetLog\/NetLogStore\/NetLogStore+Model.swift",
      "kind": "StringLiteral",
      "offset": 7870,
      "length": 18,
      "value": "\"requestStartDate\""
    },
    {
      "filePath": "\/Users\/SergeyZhuravel\/iOSDev\/NetLog\/NetLog\/NetLogStore\/NetLogStore+Model.swift",
      "kind": "StringLiteral",
      "offset": 7945,
      "length": 16,
      "value": "\"requestEndDate\""
    },
    {
      "filePath": "\/Users\/SergeyZhuravel\/iOSDev\/NetLog\/NetLog\/NetLogStore\/NetLogStore+Model.swift",
      "kind": "StringLiteral",
      "offset": 8018,
      "length": 19,
      "value": "\"responseStartDate\""
    },
    {
      "filePath": "\/Users\/SergeyZhuravel\/iOSDev\/NetLog\/NetLog\/NetLogStore\/NetLogStore+Model.swift",
      "kind": "StringLiteral",
      "offset": 8094,
      "length": 17,
      "value": "\"responseEndDate\""
    },
    {
      "filePath": "\/Users\/SergeyZhuravel\/iOSDev\/NetLog\/NetLog\/NetLogStore\/NetLogStore+Model.swift",
      "kind": "StringLiteral",
      "offset": 8168,
      "length": 24,
      "value": "\"requestHeaderBytesSent\""
    },
    {
      "filePath": "\/Users\/SergeyZhuravel\/iOSDev\/NetLog\/NetLog\/NetLogStore\/NetLogStore+Model.swift",
      "kind": "StringLiteral",
      "offset": 8254,
      "length": 32,
      "value": "\"requestBodyBytesBeforeEncoding\""
    },
    {
      "filePath": "\/Users\/SergeyZhuravel\/iOSDev\/NetLog\/NetLog\/NetLogStore\/NetLogStore+Model.swift",
      "kind": "StringLiteral",
      "offset": 8348,
      "length": 22,
      "value": "\"requestBodyBytesSent\""
    },
    {
      "filePath": "\/Users\/SergeyZhuravel\/iOSDev\/NetLog\/NetLog\/NetLogStore\/NetLogStore+Model.swift",
      "kind": "StringLiteral",
      "offset": 8432,
      "length": 29,
      "value": "\"responseHeaderBytesReceived\""
    },
    {
      "filePath": "\/Users\/SergeyZhuravel\/iOSDev\/NetLog\/NetLog\/NetLogStore\/NetLogStore+Model.swift",
      "kind": "StringLiteral",
      "offset": 8523,
      "length": 32,
      "value": "\"responseBodyBytesAfterDecoding\""
    },
    {
      "filePath": "\/Users\/SergeyZhuravel\/iOSDev\/NetLog\/NetLog\/NetLogStore\/NetLogStore+Model.swift",
      "kind": "StringLiteral",
      "offset": 8617,
      "length": 27,
      "value": "\"responseBodyBytesReceived\""
    },
    {
      "filePath": "\/Users\/SergeyZhuravel\/iOSDev\/NetLog\/NetLog\/NetLogStore\/NetLogStore+Model.swift",
      "kind": "StringLiteral",
      "offset": 8744,
      "length": 5,
      "value": "\"key\""
    },
    {
      "filePath": "\/Users\/SergeyZhuravel\/iOSDev\/NetLog\/NetLog\/NetLogStore\/NetLogStore+Model.swift",
      "kind": "StringLiteral",
      "offset": 8812,
      "length": 6,
      "value": "\"size\""
    },
    {
      "filePath": "\/Users\/SergeyZhuravel\/iOSDev\/NetLog\/NetLog\/NetLogStore\/NetLogStore+Model.swift",
      "kind": "StringLiteral",
      "offset": 8880,
      "length": 18,
      "value": "\"decompressedSize\""
    },
    {
      "filePath": "\/Users\/SergeyZhuravel\/iOSDev\/NetLog\/NetLog\/NetLogStore\/NetLogStore+Model.swift",
      "kind": "StringLiteral",
      "offset": 8960,
      "length": 11,
      "value": "\"linkCount\""
    },
    {
      "filePath": "\/Users\/SergeyZhuravel\/iOSDev\/NetLog\/NetLog\/NetLogStore\/NetLogStore+Model.swift",
      "kind": "StringLiteral",
      "offset": 9033,
      "length": 12,
      "value": "\"inlineData\""
    },
    {
      "filePath": "\/Users\/SergeyZhuravel\/iOSDev\/NetLog\/NetLog\/NetworkLogger\/URLSessionProxy.swift",
      "kind": "BooleanLiteral",
      "offset": 1038,
      "length": 5,
      "value": "false"
    },
    {
      "filePath": "\/Users\/SergeyZhuravel\/iOSDev\/NetLog\/NetLog\/NetworkLogger\/URLSessionProxy.swift",
      "kind": "StringLiteral",
      "offset": 1902,
      "length": 27,
      "value": "\"URLProtocolRequestHandled\""
    },
    {
      "filePath": "\/Users\/SergeyZhuravel\/iOSDev\/NetLog\/NetLog\/NetworkLogger\/URLSessionProxy.swift",
      "kind": "Dictionary",
      "offset": 5660,
      "length": 3,
      "value": "[]"
    },
    {
      "filePath": "\/Users\/SergeyZhuravel\/iOSDev\/NetLog\/NetLog\/NetLogStore\/NetLogStore.swift",
      "kind": "BooleanLiteral",
      "offset": 1458,
      "length": 5,
      "value": "false"
    },
    {
      "filePath": "\/Users\/SergeyZhuravel\/iOSDev\/NetLog\/NetLog\/NetLogStore\/NetLogStore.swift",
      "kind": "StringLiteral",
      "offset": 1509,
      "length": 21,
      "value": "\"netLog.logger-store\""
    },
    {
      "filePath": "\/Users\/SergeyZhuravel\/iOSDev\/NetLog\/NetLog\/NetLogStore\/NetLogStore.swift",
      "kind": "Dictionary",
      "offset": 1840,
      "length": 3,
      "value": "[]"
    },
    {
      "filePath": "\/Users\/SergeyZhuravel\/iOSDev\/NetLog\/NetLog\/NetLogStore\/NetLogStore.swift",
      "kind": "Dictionary",
      "offset": 1926,
      "length": 3,
      "value": "[]"
    },
    {
      "filePath": "\/Users\/SergeyZhuravel\/iOSDev\/NetLog\/NetLog\/NetLogStore\/NetLogStore.swift",
      "kind": "Array",
      "offset": 3298,
      "length": 2,
      "value": "[]"
    },
    {
      "filePath": "\/Users\/SergeyZhuravel\/iOSDev\/NetLog\/NetLog\/NetLogStore\/NetLogStore.swift",
      "kind": "BooleanLiteral",
      "offset": 35000,
      "length": 5,
      "value": "false"
    },
    {
      "filePath": "\/Users\/SergeyZhuravel\/iOSDev\/NetLog\/NetLog\/NetLogStore\/NetLogStore.swift",
      "kind": "StringLiteral",
      "offset": 39244,
      "length": 21,
      "value": "\"manifestNetLog.json\""
    },
    {
      "filePath": "\/Users\/SergeyZhuravel\/iOSDev\/NetLog\/NetLog\/NetLogStore\/NetLogStore.swift",
      "kind": "StringLiteral",
      "offset": 39289,
      "length": 19,
      "value": "\"logsNetLog.sqlite\""
    },
    {
      "filePath": "\/Users\/SergeyZhuravel\/iOSDev\/NetLog\/NetLog\/NetLogStore\/NetLogStore.swift",
      "kind": "StringLiteral",
      "offset": 39328,
      "length": 11,
      "value": "\"info.json\""
    },
    {
      "filePath": "\/Users\/SergeyZhuravel\/iOSDev\/NetLog\/NetLog\/NetLogStore\/NetLogStore.swift",
      "kind": "StringLiteral",
      "offset": 39365,
      "length": 7,
      "value": "\"blobs\""
    },
    {
      "filePath": "\/Users\/SergeyZhuravel\/iOSDev\/NetLog\/NetLog\/Helpers\/CoreData+Extensions.swift",
      "kind": "BooleanLiteral",
      "offset": 503,
      "length": 4,
      "value": "true"
    },
    {
      "filePath": "\/Users\/SergeyZhuravel\/iOSDev\/NetLog\/NetLog\/Helpers\/CoreData+Extensions.swift",
      "kind": "BooleanLiteral",
      "offset": 4293,
      "length": 5,
      "value": "false"
    },
    {
      "filePath": "\/Users\/SergeyZhuravel\/iOSDev\/NetLog\/NetLog\/Helpers\/CoreData+Extensions.swift",
      "kind": "BooleanLiteral",
      "offset": 5011,
      "length": 5,
      "value": "false"
    },
    {
      "filePath": "\/Users\/SergeyZhuravel\/iOSDev\/NetLog\/NetLog\/Helpers\/NetLogDocument.swift",
      "kind": "StringLiteral",
      "offset": 1912,
      "length": 5,
      "value": "\"key\""
    },
    {
      "filePath": "\/Users\/SergeyZhuravel\/iOSDev\/NetLog\/NetLog\/Helpers\/NetLogDocument.swift",
      "kind": "StringLiteral",
      "offset": 1989,
      "length": 6,
      "value": "\"data\""
    }
  ]
}